-- Borrado de datos existentes

-- Primer Delete 
DELETE FROM ELEFacturasDet;
DELETE FROM ELETiendaProducto;
DELETE FROM ELEFacturaEnc;
DELETE FROM ELEEmpleados;
DELETE FROM ELEProductos;
DELETE FROM ELEClientes;
-- Segundo Delete 
DELETE FROM ELETiendas;
DELETE FROM ELECargos;
DELETE FROM ELEMarcas;
DELETE FROM ELECategorias;


-- Agregado de datos nuevos
-- Primero tabla categorias
INSERT INTO ELECategorias (CodCategoria, Descripcion) VALUES
(1, 'Freidoras'),
(2, 'Cocinas'),
(3, 'Lavaplatos'),
(4, 'Lavadoras'),
(5, 'Microondas'),
(6, 'Refrigeradoras'),
(7, 'Batidoras'),
(8, 'Procesadores'),
(9, 'Congeladores'),
(10, 'Aspiradoras'),
(11, 'Pantallas'),
(12, 'Juguetes'),
(13, 'Secadoras'),
(14, 'Centros de Lavado');

-- Tabla Marcas
INSERT INTO ELEMarcas (CodMarca, Descripcion) VALUES
(1, 'Hatlas'),
(2, 'Zamzung'),
(3, 'Toshiwa'),
(4, 'Total Electric'),
(5, 'White House'),
(6, 'Jamilton B'),
(7, 'Friyiday'),
(8, 'Rumba'),
(9, 'Blak and Dek'),
(10, 'Durabán'),
(11, 'Guirpul'),
(12, 'Mabi');

-- Tabla Tiendas
INSERT INTO ELETiendas (CodTienda, Nombre, Telefono, Email, Direccion) VALUES
(1, 'Electronica JyH Alajuela', '2441-4516', 'electrostorejyhAlajuela@gmail.com', 'Alajuela, 150 m sur de tienda Llobet'),
(2, 'Electronica JyH Belen', '4875-8413', 'electrostorejyhAlajuela@gmail.com', 'Frente al gimnasio municipal'),
(3, 'Electronica JyH City Mall', '2441-1875', 'electrostorejyhCityMall@gmail.com', '2do piso, detras de la zona de comidas'),
(4, 'Electronica JyH Nova Centro', '2684-8426', 'electrostorejyhNovaCentro@gmail.com', 'Local #51 del centro comercial Nova Centro'),
(5, 'Electronica JyH Lindora', '2748-8461', 'electrostorejyhJyHLindora@gmail.com', 'Frente a antigua Sugef, Calle Principal'),
(6, 'Electronica JyH Moravia', '2145-9318', 'electrostorejyhJyHMoravia@gmail.com', '800 al norte del Plaza Lincoln'),
(7, 'Electronica JyH Heredia Centro', '2354-7845', 'electrostorejyhHerediaCentro@gmail.com', '250m oeste del Estado Eladio Rosabal'),
(8, 'Electronica JyH Cartago', '2689-2473', 'electrostorejyhJyHCartago@gmail.com', '200m sur de la basílica de Los Angeles'),
(9, 'Electronica JyH Grecia Alajuela', '2984-8463', 'electrostorejyhGreciaAlajuela@gmail.com', 'Centro comercial La Primavera'),
(10, 'Electronica JyH Tibas', '2474-8421', 'electrostorejyhJyHTibas@gmail.com', '100 al sur del parque central');

-- Tabla Clientes
INSERT INTO ELEClientes (CodCliente, Identificacion, Nombre, Apellido1, Apellido2, Direccion, Email) VALUES
(1, '103220165', 'MARIA CLEMENCIA', 'JIMENEZ', 'JIMENEZ', 'Cartago Centro', 'mariaclemencia.jimenez.jimenez@gmail.com'),
(2, '103220166', 'FLOR MARIA', 'FERNANDEZ', 'FERNANDEZ', 'ZAPOTE', 'flormaria.fernandez.fernandez@gmail.com'),
(3, '103220169', 'CECILIA', 'SANCHEZ', 'SANCHEZ', 'SAN FRANCISCO DE DOS RIOS', 'cecilia.sanchez.sanchez@gmail.com'),
(4, '103220171', 'VICTOR', 'MEZA', 'MEZA', 'URUCA', 'victor.meza.meza@gmail.com'),
(5, '103220173', 'MIRIAN', 'CORRALES', 'CORRALES', 'MATA REDONDA', 'mirian.corrales.corrales@gmail.com'),
(6, '103220175', 'FLOR MARIA', 'FERNANDEZ', 'FERNANDEZ', 'PAVAS', 'flormaria.fernandez.fernandez@gmail.com'),
(7, '103220178', 'FLOR MARIA', 'UMAÑA', 'UMAÑA', 'HATILLO', 'flormaria.umaña.umaña@gmail.com'),
(8, '103220179', 'MARCO NEY', 'CECILIANO', 'CECILIANO', 'SAN SEBASTIAN', 'marconey.ceciliano.ceciliano@gmail.com'),
(9, '103220181', 'CRISTINA', 'LOPEZ', 'LOPEZ', 'LA CAJA', 'cristina.lopez.lopez@gmail.com'),
(10, '103220189', 'OSCAR FRANCISCO', 'CHACON', 'CHACON', 'PASO ANCHO SUR', 'oscarfrancisco.chacon.chacon@gmail.com'),
(11, '103220192', 'AMABLE', 'SANCHEZ', 'SANCHEZ', 'CARMEN', 'amable.sanchez.sanchez@gmail.com'),
(12, '103220193', 'MARIA DE LOS ANGELES', 'FLORES', 'FLORES', 'BARRIO MEXICO', 'mariadelosangeles.flores.flores@gmail.com'),
(13, '103220195', 'LIDIA', 'ESPINOZA', 'ESPINOZA', 'CATEDRAL', 'lidia.espinoza.espinoza@gmail.com'),
(14, '103220196', 'JUANA', 'ESPINOZA', 'ESPINOZA', 'CORAZON DE JESUS', 'juana.espinoza.espinoza@gmail.com'),
(15, '103220197', 'JORGE ANTONIO', 'VARGAS', 'VARGAS', 'ARANJUEZ', 'jorgeantonio.vargas.vargas@gmail.com'),
(16, '103220200', 'JOSE ANTONIO', 'VARGAS', 'VARGAS', 'PITAHAYA', 'joseantonio.vargas.vargas@gmail.com'),
(17, '103220203', 'ARNOLDO', 'UMAÑA', 'UMAÑA', 'CRISTO REY', 'arnoldo.umaña.umaña@gmail.com'),
(18, '103220205', 'LIDIA MARIA', 'ZAMORA', 'ZAMORA', 'OMAR DENGO', 'lidiamaria.zamora.zamora@gmail.com'),
(19, '103220207', 'RIGOBERTO', 'LEON', 'LEON', 'SAN BOSCO', 'rigoberto.leon.leon@gmail.com'),
(20, '103220210', 'CARMEN TERESITA', 'ROMERO', 'ROMERO', 'GONZALEZ VIQUEZ', 'carmenteresita.romero.romero@gmail.com'),
(21, '103220212', 'VIRGINIA', 'RAWSON', 'RAWSON', 'NACIONES UNIDAS', 'virginia.rawson.rawson@gmail.com'),
(22, '103220215', 'LEONEL', 'ALVARADO', 'ALVARADO', 'BARRIO LUJAN', 'leonel.alvarado.alvarado@gmail.com'),
(23, '103220216', 'MARIA CECILIA', 'LE ROY', 'LE ROY', 'PASO ANCHO NORTE', 'mariacecilia.leroy.leroy@gmail.com'),
(24, '103220217', 'GLADYS', 'MURILLO', 'MURILLO', 'SAGRADA FAMILIA', 'gladys.murillo.murillo@gmail.com'),
(25, '103220219', 'LIGIA', 'VARGAS', 'VARGAS', 'RINCON GRANDE', 'ligia.vargas.vargas@gmail.com'),
(26, '103220223', 'MARIA DE LOS ANGELES', 'CORDERO', 'CORDERO', 'MARIA REINA', 'mariadelosangeles.cordero.cordero@gmail.com'),
(27, '103220224', 'MARIA DEL CARMEN', 'AZOFEIFA', 'AZOFEIFA', 'VILLA ESPERANZA', 'mariadelcarmen.azofeifa.azofeifa@gmail.com'),
(28, '103220225', 'MARIA CRISTINA', 'LOPEZ', 'LOPEZ', 'ROSITER CARBALLO (LAS BRISAS)', 'mariacristina.lopez.lopez@gmail.com'),
(29, '103220228', 'VICTOR EMILIO', 'CHACON', 'CHACON', 'CAI. SAN JOSE', 'victoremilio.chacon.chacon@gmail.com'),
(30, '103220229', 'JUANA PILAR', 'PEREZ', 'PEREZ', 'LA CARPIO', 'juanapilar.perez.perez@gmail.com'),
(31, '103220230', 'ERMELINDA', 'HERNANDEZ', 'HERNANDEZ', 'CORDOBA', 'ermelinda.hernandez.hernandez@gmail.com'),
(32, '103220232', 'JOSE RAMON', 'LEON', 'LEON', 'SANTA MARTA', 'joseramon.leon.leon@gmail.com'),
(33, '103220233', 'MARIA VIRGINIA', 'AGUIRRE', 'AGUIRRE', 'LA PEREGRINA', 'mariavirginia.aguirre.aguirre@gmail.com'),
(34, '103220236', 'ELSA', 'MARIN', 'MARIN', 'PERPETUO SOCORRO', 'elsa.marin.marin@gmail.com'),
(35, '103220239', 'ANAIS', 'FONSECA', 'FONSECA', 'HATILLO 8', 'anais.fonseca.fonseca@gmail.com'),
(36, '103220240', 'FLOR DE MARIA', 'ILAMA', 'ILAMA', 'COLONIA 15 DE SETIEMBRE', 'flordemaria.ilama.ilama@gmail.com'),
(37, '103220241', 'ADILIA', 'GODINEZ', 'GODINEZ', 'COLONIA KENNEDY', 'adilia.godinez.godinez@gmail.com'),
(38, '103220243', 'RAMON', 'CORDOBA', 'CORDOBA', 'C.S.M CAPEMCOL', 'ramon.cordoba.cordoba@gmail.com'),
(39, '103220244', 'HILDA MARIA', 'ABARCA', 'ABARCA', 'ESCAZU', 'hildamaria.abarca.abarca@gmail.com'),
(40, '103220246', 'VICTOR MANUEL', 'RAMIREZ', 'RAMIREZ', 'SAN ANTONIO', 'victormanuel.ramirez.ramirez@gmail.com'),
(41, '103220248', 'EIDA JUANA', 'BARQUERO', 'BARQUERO', 'SAN RAFAEL', 'eidajuana.barquero.barquero@gmail.com'),
(42, '103220252', 'GUILLERMO', 'TREJOS', 'TREJOS', 'BEBEDERO O SAN FRANCISCO', 'guillermo.trejos.trejos@gmail.com'),
(43, '103220253', 'NIDIA', 'FALLAS', 'FALLAS', 'GUACHIPELIN (SAN GABRIEL)', 'nidia.fallas.fallas@gmail.com'),
(44, '103220258', 'PABLO', 'MORA', 'MORA', 'CARMEN (CHIVERRAL)', 'pablo.mora.mora@gmail.com'),
(45, '103220262', 'NORMA', 'FERNANDEZ', 'FERNANDEZ', 'BELO HORIZONTE NORTE', 'norma.fernandez.fernandez@gmail.com'),
(46, '103220265', 'CECILIA', 'TORRES', 'TORRES', 'HLE. MAGDALA', 'cecilia.torres.torres@gmail.com'),
(47, '103220267', 'BELISA MELIDA', 'CUBILLO', 'CUBILLO', 'DESAMPARADOS', 'belisamelida.cubillo.cubillo@gmail.com'),
(48, '103220268', 'RAFAEL', 'MORA', 'MORA', 'SAN MIGUEL', 'rafael.mora.mora@gmail.com'),
(49, '103220272', 'JOSE MARIA', 'SALAZAR', 'SALAZAR', 'JERICO', 'josemaria.salazar.salazar@gmail.com'),
(50, '103220274', 'VIRGINIA', 'SANABRIA', 'SANABRIA', 'HIGUITO', 'virginia.sanabria.sanabria@gmail.com'),
(51, '103220277', 'VIOLETA', 'BRENES', 'BRENES', 'SAN JUAN DE DIOS', 'violeta.brenes.brenes@gmail.com'),
(52, '103220279', 'MARIA DE LOS ANGELES', 'OBANDO', 'OBANDO', 'SAN RAFAEL ARRIBA', 'mariadelosangeles.obando.obando@gmail.com'),
(53, '103220281', 'GUILLERMO', 'BLANCO', 'BLANCO', 'SAN RAFAEL ABAJO', 'guillermo.blanco.blanco@gmail.com'),
(54, '103220283', 'GERARDO', 'MARIN', 'MARIN', 'SAN ANTONIO', 'gerardo.marin.marin@gmail.com'),
(55, '103220284', 'ORLANDO', 'MULLER', 'MULLER', 'FRAILES', 'orlando.muller.muller@gmail.com'),
(56, '103220289', 'ANA CECILIA', 'SOJO', 'SOJO', 'BUSTAMANTE O ALCIRA', 'anacecilia.sojo.sojo@gmail.com'),
(57, '103220291', 'CARMEN ROSA', 'VARGAS', 'VARGAS', 'PATARRA', 'carmenrosa.vargas.vargas@gmail.com'),
(58, '103220292', 'CECILIA DE LOS ANGELES', 'SOLIS', 'SOLIS', 'SAN CRISTOBAL SUR', 'ceciliadelosangeles.solis.solis@gmail.com'),
(59, '103220293', 'ALBERTO', 'QUINTANA', 'QUINTANA', 'SAN CRISTOBAL NORTE', 'alberto.quintana.quintana@gmail.com'),
(60, '103220294', 'MARTA ODILIE', 'JIMENEZ', 'JIMENEZ', 'ROSARIO', 'martaodilie.jimenez.jimenez@gmail.com'),
(61, '103220296', 'SOLEDAD MIRIAM', 'HERNANDEZ', 'HERNANDEZ', 'GUADARRAMA', 'soledadmiriam.hernandez.hernandez@gmail.com'),
(62, '104150205', 'EDITH', 'MARTINEZ', 'MARTINEZ', 'LA JOYA', 'edith.martinez.martinez@gmail.com'),
(63, '104150206', 'MARITZA', 'ELIZONDO', 'ELIZONDO', 'FATIMA DE DAMAS', 'maritza.elizondo.elizondo@gmail.com'),
(64, '104150207', 'JOSE ROBERTO', 'VENEGAS', 'VENEGAS', 'CALLE FALLAS', 'joseroberto.venegas.venegas@gmail.com'),
(65, '104150209', 'CARLOS ANTONIO', 'SOLORZANO', 'SOLORZANO', 'GRAVILIAS', 'carlosantonio.solorzano.solorzano@gmail.com'),
(66, '104150210', 'RONALD GERARDO', 'FERNANDEZ', 'FERNANDEZ', 'PACAYA', 'ronaldgerardo.fernandez.fernandez@gmail.com'),
(67, '104150211', 'MARCO TULIO', 'SALAZAR', 'SALAZAR', 'EL LLANO', 'marcotulio.salazar.salazar@gmail.com'),
(68, '104150212', 'GLADYS MARIA', 'PANIAGUA', 'PANIAGUA', 'MANZANO (MANZANILLO)', 'gladysmaria.paniagua.paniagua@gmail.com'),
(69, '104150214', 'FLOR DE MARIA', 'GARRO', 'GARRO', 'GUATUSO', 'flordemaria.garro.garro@gmail.com'),
(70, '104150215', 'JOSE GABRIEL', 'MORA', 'MORA', 'TRINIDAD (PARTE ESTE)', 'josegabriel.mora.mora@gmail.com'),
(71, '104150216', 'MAYELA', 'PORRAS', 'PORRAS', 'CRISTO REY', 'mayela.porras.porras@gmail.com'),
(72, '104150217', 'JUAN', 'HERNANDEZ', 'HERNANDEZ', 'LOS GUIDO', 'juan.hernandez.hernandez@gmail.com'),
(73, '104150219', 'ROBERTO', 'BOLAÑOS', 'BOLAÑOS', 'LAS LOMAS', 'roberto.bolaños.bolaños@gmail.com'),
(74, '104150220', 'NITZA MARGARITA', 'CEDEÑO', 'CEDEÑO', 'SAN JERONIMO', 'nitzamargarita.cedeño.cedeño@gmail.com'),
(75, '104150221', 'WILLIAM', 'MENDEZ', 'MENDEZ', 'VIOLETA (RINCON MORALES)', 'william.mendez.mendez@gmail.com'),
(76, '104150224', 'FERNANDO', 'OBANDO', 'OBANDO', 'SAN LORENZO', 'fernando.obando.obando@gmail.com'),
(77, '104150225', 'RODOLFO', 'CEDEÑO', 'CEDEÑO', 'VALENCIA', 'rodolfo.cedeño.cedeño@gmail.com'),
(78, '104150226', 'RODOLFO ANTONIO', 'GONZALEZ', 'GONZALEZ', 'EL PORVENIR', 'rodolfoantonio.gonzalez.gonzalez@gmail.com'),
(79, '104150229', 'GERARDO', 'SOLANO', 'SOLANO', 'LA CAPRI', 'gerardo.solano.solano@gmail.com'),
(80, '104150230', 'MARCO ANTONIO', 'LEIVA', 'LEIVA', 'CAI. VILMA CURLING RIVERA', 'marcoantonio.leiva.leiva@gmail.com'),
(81, '104150232', 'OLGA ISABEL', 'HERNANDEZ', 'HERNANDEZ', 'EMPALME ARRIBA GUARIA(PARTE OESTE)', 'olgaisabel.hernandez.hernandez@gmail.com'),
(82, '104150234', 'SONIA', 'ZUÑIGA', 'ZUÑIGA', 'HLE. OFELIA CARVAJAL DE NARANJO', 'sonia.zuñiga.zuñiga@gmail.com'),
(83, '104150235', 'LUCIA', 'ESTRADA', 'ESTRADA', 'HLE. SAN CAYETANO', 'lucia.estrada.estrada@gmail.com'),
(84, '104150236', 'LUIS RODOLFO', 'UVA', 'UVA', 'LLANO BONITO', 'luisrodolfo.uva.uva@gmail.com'),
(85, '104150237', 'ALEJANDRO', 'BARAHONA', 'BARAHONA', 'CHIROGRES', 'alejandro.barahona.barahona@gmail.com'),
(86, '104150238', 'ALVARO GERARDO', 'MORA', 'MORA', 'SANTIAGO', 'alvarogerardo.mora.mora@gmail.com'),
(87, '104150240', 'SONIA', 'ARAGON', 'ARAGON', 'POZOS', 'sonia.aragon.aragon@gmail.com'),
(88, '104150241', 'MAYELA', 'MELENDEZ', 'MELENDEZ', 'MERCEDES SUR', 'mayela.melendez.melendez@gmail.com'),
(89, '104150242', 'CARMEN MAYELA', 'MUÑOZ', 'MUÑOZ', 'MERCEDES NORTE', 'carmenmayela.muñoz.muñoz@gmail.com'),
(90, '104150244', 'MARIA DE LOS ANGELES', 'MARIN', 'MARIN', 'BOCANA', 'mariadelosangeles.marin.marin@gmail.com'),
(91, '104150245', 'LIGIA MARIA', 'VALERIN', 'VALERIN', 'JILGUERAL', 'ligiamaria.valerin.valerin@gmail.com'),
(92, '104150248', 'BLANCA MARIA', 'SOLANO', 'SOLANO', 'TUFARES', 'blancamaria.solano.solano@gmail.com'),
(93, '104150249', 'JUANA MARIA', 'MORA', 'MORA', 'SALITRALES', 'juanamaria.mora.mora@gmail.com'),
(94, '104150251', 'ANA ISABEL', 'MADRIZ', 'MADRIZ', 'ALTO LA PALMA', 'anaisabel.madriz.madriz@gmail.com'),
(95, '104150252', 'MARIA DE LOS ANGELES', 'ZUÑIGA', 'ZUÑIGA', 'LOS GUIDO', 'mariadelosangeles.zuñiga.zuñiga@gmail.com'),
(96, '104150253', 'LILIANA', 'RODRIGUEZ', 'RODRIGUEZ', 'LAS LOMAS', 'liliana.rodriguez.rodriguez@gmail.com'),
(97, '104150254', 'LILLIAM MAYELA', 'ROJAS', 'ROJAS', 'SAN JERONIMO', 'lilliammayela.rojas.rojas@gmail.com'),
(98, '104150260', 'ANA LORENA', 'VEGA', 'VEGA', 'VIOLETA (RINCON MORALES)', 'analorena.vega.vega@gmail.com'),
(99, '104150261', 'MARTA EUGENIA', 'ARCE', 'ARCE', 'SAN LORENZO', 'martaeugenia.arce.arce@gmail.com'),
(100, '104150262', 'VICTOR MANUEL', 'MORA', 'MORA', 'VALENCIA', 'victormanuel.mora.mora@gmail.com');


-- Tabla Productos
INSERT INTO ELEProductos (CodProducto, Descripcion, Precio, CodMarca, CodCategoria) VALUES
(1, 'Refrigeradora Friyiday Top Freezer 15 pies', 385270, 7, 6),
(2, 'Refrigeradora Friyiday Side by Side No Frost 18.7 pies', 547425, 7, 6),
(3, 'Refrigeradora Zamzung Side by side No Frost 22 pies', 777220, 2, 6),
(4, 'Lavadora Zamzung Frontal 24 Kg WF8800A', 699330, 2, 4),
(5, 'Lavadora Automática Friyiday 25 Kg', 499890, 7, 4),
(6, 'Batidora Total Electric 220 W Blanco HM50', 34425, 4, 7),
(7, 'Batidora Jamilton B 64654 250W 3.8 L Rojo', 22425, 6, 7),
(8, 'Batidora de Pedestal White House 7QT KSM70SKXXER', 469900, 5, 7),
(9, 'Congelador Friyiday Horizontal 5 Pies', 141200, 7, 9),
(10, 'Congelador Total Electric Horizontal 145 L RFC-580', 172900, 4, 9),
(11, 'Microondas Toshiwa NN-SC649SRFH 1.0 ft3 Plateado', 139900, 3, 5),
(12, 'Microondas Zamzung MG28F303TAS 1.0 ft3', 109900, 2, 5),
(13, 'Cocina Hatlas 4 quemadores EAE5020BSS0', 299900, 1, 2),
(14, 'Plantilla Gas Hatlas 4 Quemadores CA20T-BB-X0', 54990, 1, 2),
(15, 'Cocina a gas Zamzung 5 Quemadores', 799900, 2, 2),
(16, 'Procesador de alimentos Jamiltom B FP8SVP1 350 W', 101175, 6, 8),
(17, 'Procesador de alimentos Blak and Dek HC300B', 40125, 9, 8),
(18, 'Batidora con tazón White House KSM150PSOB 325W', 379800, 5, 7),
(19, 'Pantalla Smart Toshiwai TV055XIA14 FHD 55 pulgadas', 221385, 3, 11),
(20, 'Pantalla Zamzung EHQ65MDUA HQLED de 65 pulgadas', 441375, 2, 11),
(21, 'Pantalla LED 4K UHD Toshiwa modelo A PRO -55 Pulgadas', 319900, 3, 11),
(22, 'Freidora de aire Total ElectricXL™ Vortex Pro, AF-E6001-LA -5.7L', 45900, 4, 1),
(23, 'Pantalla Durabán EHQ65MDUA HQLED de 65 pulgadas', 474900, 10, 11),
(24, 'Microondas Durabán 0.7 pc EM720CGA PW', 44900, 10, 5),
(25, 'Leap Frog Tostadora Durabán Colores Y Numeros', 10000, 10, 12),
(26, 'Lavaplatos Guirpul Inox 14 Servicios', 285000, 11, 3),
(27, 'Secadora Eléctrica Guipul Frontal 23 KG 7MWED6605MC', 482900, 11, 13),
(28, 'Secadora Eléctrica General Electric Frontal 22 KG SGE47N5XSBH0', 449990, 4, 13),
(29, 'Lavadora Zamzung Frontal 20 Kg WF20T6000AW', 451905, 2, 4),
(30, 'Lavadora Mabi Superior 16 Kg LMA76102CBAB0', 240005, 12, 4),
(31, 'Lavaplatos Friyiday 14 cubiertos Professional', 762850, 7, 3),
(32, 'Aspiradora Rumba 33 v Negro Combo Y', 149925, 8, 10),
(33, 'Aspiradora Rumba 33 v Negro Combo i5', 299900, 8, 10),
(34, 'Centro de Lavado Zamzung Frontal 22 kg Laundry Hub', 1219945, 2, 14),
(35, 'Centro de Lavado Mabi Superior 20 Kg MCL2040PSBB0', 769955, 2, 14),
(36, 'Centro de Lavado a Gas Mabi Superior 20 Kg MCL2040PSDG0', 999990, 12, 4),
(37, 'Refrigeradora Friyiday Top Freezer 20 pies', 685270, 7, 6),
(38, 'Refrigeradora Friyiday Side by Side No Frost 27.7 pies', 1207425, 7, 6),
(39, 'Refrigeradora Zamzung Side by side No Frost 14 pies', 350781, 2, 6),
(40, 'Lavadora Zamzung Frontal 16 Kg WF4000L', 399330, 2, 4),
(41, 'Lavadora Automática Friyiday 15 Kg', 299890, 7, 4),
(42, 'Batidora Total Electric 320 W Blanco HM70', 24425, 4, 7),
(43, 'Batidora Jamilton B 7845 250W 2.8 L Rojo', 17425, 6, 7),
(44, 'Batidora de Pedestal White House 4QT KSM70SKXZZR', 249900, 5, 7),
(45, 'Congelador Total Electric Horizontal 125 L RFh-380', 112600, 4, 9),
(46, 'Microondas Toshiwa NN-SC649SQUL 2.0 ft3 Plateado', 179980, 3, 5),
(47, 'Microondas Zamzung HG28F30W23 1.0 ft3', 209900, 2, 5),
(48, 'Cocina Hatlas 6 quemadores EAE6020BSS0', 499900, 1, 2),
(49, 'Plantilla Gas Hatlas 4 Quemadores CB20T-KK-T6', 74990, 1, 2),
(50, 'Cocina a gas Zamzung 5 Quemadores MOD YU', 899900, 2, 2),
(51, 'Procesador de alimentos Jamiltom B TP8SBP1 450 W', 131190, 6, 8),
(52, 'Procesador de alimentos Blak and Dek HC500B', 50125, 9, 8),
(53, 'Batidora con tazón White House KSM150HSOB 425W', 579800, 5, 7),
(54, 'Pantalla Smart Toshiwai TV045XIA14 FHD 45 pulgadas', 191385, 3, 11),
(55, 'Pantalla Zamzung EHQ60 HQLED de 60 pulgadas', 371375, 2, 11);


-- Tabla Tienda producto
INSERT INTO ELETiendaProducto (CodTienda, CodProducto, Saldo) VALUES
-- Tienda 1
(1, 1, 29), (1, 2, 12), (1, 3, 14), (1, 4, 23), (1, 5, 12),
(1, 6, 18), (1, 7, 12), (1, 8, 12), (1, 9, 30), (1, 10, 12),
(1, 11, 17), (1, 12, 9), (1, 13, 17), (1, 14, 7), (1, 15, 16),
(1, 16, 24), (1, 17, 9), (1, 18, 14), (1, 19, 27), (1, 20, 23),
(1, 21, 24), (1, 22, 6), (1, 23, 22), (1, 24, 25), (1, 25, 21),
(1, 26, 28), (1, 27, 20), (1, 28, 10), (1, 29, 15), (1, 30, 7),
(1, 31, 9), (1, 32, 25), (1, 33, 5), (1, 34, 26), (1, 35, 24),
(1, 36, 11), (1, 37, 5), (1, 38, 24), (1, 39, 7), (1, 40, 7),
(1, 41, 13), (1, 42, 28), (1, 43, 13), (1, 44, 11), (1, 45, 8),
(1, 46, 15), (1, 47, 5), (1, 48, 28), (1, 49, 27), (1, 50, 23),
(1, 51, 16), (1, 52, 18), (1, 53, 16), (1, 54, 29), (1, 55, 21),

-- Tienda 2
(2, 1, 18), (2, 2, 30), (2, 3, 11), (2, 4, 13), (2, 5, 9),
(2, 6, 22), (2, 7, 28), (2, 8, 7), (2, 9, 25), (2, 10, 25),
(2, 11, 24), (2, 12, 9), (2, 13, 20), (2, 14, 12), (2, 15, 12),
(2, 16, 22), (2, 17, 28), (2, 18, 18), (2, 19, 14), (2, 20, 28),
(2, 21, 19), (2, 22, 18), (2, 23, 23), (2, 24, 18), (2, 25, 15),
(2, 26, 11), (2, 27, 24), (2, 28, 12), (2, 29, 13), (2, 30, 14),
(2, 31, 15), (2, 32, 15), (2, 33, 8), (2, 34, 18), (2, 35, 9),
(2, 36, 26), (2, 37, 26), (2, 38, 7), (2, 39, 6), (2, 40, 27),
(2, 41, 17), (2, 42, 19), (2, 43, 11), (2, 44, 21), (2, 45, 29),
(2, 46, 6), (2, 47, 15), (2, 48, 27), (2, 49, 24), (2, 50, 7),
(2, 51, 14), (2, 52, 5), (2, 53, 17), (2, 54, 6), (2, 55, 5),

-- Tienda 3
(3, 1, 9), (3, 2, 9), (3, 3, 28), (3, 4, 17), (3, 5, 24),
(3, 6, 9), (3, 7, 10), (3, 8, 17), (3, 9, 19), (3, 10, 22),
(3, 11, 8), (3, 12, 6), (3, 13, 8), (3, 14, 19), (3, 15, 12),
(3, 16, 8), (3, 17, 29), (3, 18, 28), (3, 19, 8), (3, 20, 10),
(3, 21, 23), (3, 22, 26), (3, 23, 14), (3, 24, 17), (3, 25, 16),
(3, 26, 9), (3, 27, 15), (3, 28, 26), (3, 29, 11), (3, 30, 25),
(3, 31, 30), (3, 32, 24), (3, 33, 13), (3, 34, 27), (3, 35, 27),
(3, 36, 7), (3, 37, 21), (3, 38, 12), (3, 39, 16), (3, 40, 19),
(3, 41, 5), (3, 42, 22), (3, 43, 23), (3, 44, 17), (3, 45, 24),
(3, 46, 11), (3, 47, 21), (3, 48, 27), (3, 49, 24), (3, 50, 25),
(3, 51, 8), (3, 52, 8), (3, 53, 9), (3, 54, 26), (3, 55, 7),

-- Tienda 4
(4, 1, 6), (4, 2, 8), (4, 3, 8), (4, 4, 8), (4, 5, 23),
(4, 6, 28), (4, 7, 29), (4, 8, 18), (4, 9, 8), (4, 10, 11),
(4, 11, 27), (4, 12, 30), (4, 13, 29), (4, 14, 12), (4, 15, 6),
(4, 16, 5), (4, 17, 10), (4, 18, 22), (4, 19, 7), (4, 20, 13),
(4, 21, 21), (4, 22, 25), (4, 23, 24), (4, 24, 28), (4, 25, 8),
(4, 26, 7), (4, 27, 11), (4, 28, 22), (4, 29, 16), (4, 30, 27),
(4, 31, 6), (4, 32, 9), (4, 33, 28), (4, 34, 14), (4, 35, 27),
(4, 36, 18), (4, 37, 25), (4, 38, 30), (4, 39, 16), (4, 40, 25),
(4, 41, 6), (4, 42, 27), (4, 43, 8), (4, 44, 15), (4, 45, 24),
(4, 46, 9), (4, 47, 23), (4, 48, 26), (4, 49, 10), (4, 50, 25),
(4, 51, 17), (4, 52, 28), (4, 53, 23), (4, 54, 24), (4, 55, 17),

-- Tienda 5
(5, 1, 9), (5, 2, 30), (5, 3, 12), (5, 4, 29), (5, 5, 13),
(5, 6, 18), (5, 7, 25), (5, 8, 11), (5, 9, 10), (5, 10, 15),
(5, 11, 17), (5, 12, 18), (5, 13, 21), (5, 14, 16), (5, 15, 20),
(5, 16, 28), (5, 17, 29), (5, 18, 24), (5, 19, 18), (5, 20, 25),
(5, 21, 8), (5, 22, 12), (5, 23, 15), (5, 24, 14), (5, 25, 8),
(5, 26, 8), (5, 27, 15), (5, 28, 14), (5, 29, 6), (5, 30, 13),
(5, 31, 21), (5, 32, 23), (5, 33, 30), (5, 34, 13), (5, 35, 10),
(5, 36, 14), (5, 37, 21), (5, 38, 26), (5, 39, 22), (5, 40, 25),
(5, 41, 29), (5, 42, 23), (5, 43, 20), (5, 44, 18), (5, 45, 28),
(5, 46, 29), (5, 47, 11), (5, 48, 11), (5, 49, 27), (5, 50, 6),
(5, 51, 28), (5, 52, 28), (5, 53, 7), (5, 54, 27), (5, 55, 27),

-- Tienda 6
(6, 1, 21), (6, 2, 18), (6, 3, 15), (6, 4, 27), (6, 5, 25),
(6, 6, 21), (6, 7, 7), (6, 8, 6), (6, 9, 10), (6, 10, 14),
(6, 11, 27), (6, 12, 7), (6, 13, 12), (6, 14, 28), (6, 15, 25),
(6, 16, 18), (6, 17, 13), (6, 18, 29), (6, 19, 9), (6, 20, 21),
(6, 21, 26), (6, 22, 26), (6, 23, 13), (6, 24, 28), (6, 25, 16),
(6, 26, 16), (6, 27, 26), (6, 28, 24), (6, 29, 13), (6, 30, 30),
(6, 31, 11), (6, 32, 8), (6, 33, 18), (6, 34, 25), (6, 35, 22),
(6, 36, 22), (6, 37, 14), (6, 38, 20), (6, 39, 7), (6, 40, 10),
(6, 41, 14), (6, 42, 10), (6, 43, 23), (6, 44, 26), (6, 45, 19),
(6, 46, 21), (6, 47, 7), (6, 48, 24), (6, 49, 26), (6, 50, 14),
(6, 51, 26), (6, 52, 7), (6, 53, 13), (6, 54, 22), (6, 55, 21),

-- Tienda 7
(7, 1, 15), (7, 2, 29), (7, 3, 14), (7, 4, 23), (7, 5, 28),
(7, 6, 28), (7, 7, 15), (7, 8, 16), (7, 9, 9), (7, 10, 30),
(7, 11, 26), (7, 12, 9), (7, 13, 5), (7, 14, 29), (7, 15, 6),
(7, 16, 24), (7, 17, 7), (7, 18, 10), (7, 19, 11), (7, 20, 10),
(7, 21, 19), (7, 22, 15), (7, 23, 5), (7, 24, 19), (7, 25, 11),
(7, 26, 15), (7, 27, 23), (7, 28, 5), (7, 29, 23), (7, 30, 22),
(7, 31, 17), (7, 32, 19), (7, 33, 12), (7, 34, 6), (7, 35, 28),
(7, 36, 17), (7, 37, 30), (7, 38, 15), (7, 39, 19), (7, 40, 22),
(7, 41, 26), (7, 42, 19), (7, 43, 17), (7, 44, 14), (7, 45, 6),
(7, 46, 7), (7, 47, 18), (7, 48, 29), (7, 49, 29), (7, 50, 6),
(7, 51, 30), (7, 52, 16), (7, 53, 19), (7, 54, 26), (7, 55, 22),

-- Tienda 8
(8, 1, 6), (8, 2, 30), (8, 3, 26), (8, 4, 11), (8, 5, 9),
(8, 6, 14), (8, 7, 9), (8, 8, 24), (8, 9, 26), (8, 10, 18),
(8, 11, 5), (8, 12, 20), (8, 13, 15), (8, 14, 23), (8, 15, 20),
(8, 16, 27), (8, 17, 30), (8, 18, 23), (8, 19, 27), (8, 20, 12),
(8, 21, 8), (8, 22, 13), (8, 23, 28), (8, 24, 10), (8, 25, 16),
(8, 26, 17), (8, 27, 6), (8, 28, 27), (8, 29, 13), (8, 30, 9),
(8, 31, 7), (8, 32, 17), (8, 33, 24), (8, 34, 8), (8, 35, 13),
(8, 36, 29), (8, 37, 17), (8, 38, 6), (8, 39, 29), (8, 40, 29),
(8, 41, 7), (8, 42, 28), (8, 43, 19), (8, 44, 7), (8, 45, 12),
(8, 46, 22), (8, 47, 24), (8, 48, 7), (8, 49, 16), (8, 50, 9),
(8, 51, 22), (8, 52, 20), (8, 53, 24), (8, 54, 12), (8, 55, 14),

-- Tienda 9
(9, 1, 10), (9, 2, 23), (9, 3, 21), (9, 4, 20), (9, 5, 18),
(9, 6, 16), (9, 7, 16), (9, 8, 6), (9, 9, 22), (9, 10, 25),
(9, 11, 5), (9, 12, 30), (9, 13, 8), (9, 14, 15), (9, 15, 30),
(9, 16, 18), (9, 17, 29), (9, 18, 24), (9, 19, 24), (9, 20, 13),
(9, 21, 14), (9, 22, 15), (9, 23, 26), (9, 24, 15), (9, 25, 24),
(9, 26, 11), (9, 27, 21), (9, 28, 9), (9, 29, 28), (9, 30, 24),
(9, 31, 10), (9, 32, 17), (9, 33, 27), (9, 34, 14), (9, 35, 24),
(9, 36, 10), (9, 37, 6), (9, 38, 24), (9, 39, 27), (9, 40, 19),
(9, 41, 21), (9, 42, 28), (9, 43, 20), (9, 44, 27), (9, 45, 21),
(9, 46, 18), (9, 47, 6), (9, 48, 21), (9, 49, 11), (9, 50, 8),
(9, 51, 29), (9, 52, 21), (9, 53, 7), (9, 54, 6), (9, 55, 26),

-- Tienda 10
(10, 1, 9), (10, 2, 14), (10, 3, 8), (10, 4, 16), (10, 5, 13),
(10, 6, 23), (10, 7, 25), (10, 8, 27), (10, 9, 18), (10, 10, 18),
(10, 11, 12), (10, 12, 22), (10, 13, 27), (10, 14, 6), (10, 15, 21),
(10, 16, 20), (10, 17, 8), (10, 18, 10), (10, 19, 12), (10, 20, 15),
(10, 21, 8), (10, 22, 10), (10, 23, 15), (10, 24, 12), (10, 25, 21),
(10, 26, 28), (10, 27, 30), (10, 28, 22), (10, 29, 9), (10, 30, 26),
(10, 31, 11), (10, 32, 30), (10, 33, 13), (10, 34, 28), (10, 35, 9),
(10, 36, 26), (10, 37, 17), (10, 38, 17), (10, 39, 8), (10, 40, 25),
(10, 41, 13), (10, 42, 30), (10, 43, 8), (10, 44, 25), (10, 45, 22),
(10, 46, 9), (10, 47, 26), (10, 48, 11), (10, 49, 29), (10, 50, 18),
(10, 51, 19), (10, 52, 24), (10, 53, 10), (10, 54, 25), (10, 55, 17);



-- Tabla Cargos
INSERT INTO ELECargos (CodCargo, Descripcion) VALUES
(1, 'Gerente de tienda'),
(2, 'Cajero'),
(3, 'Goldolero'),
(4, 'Chofer'),
(5, 'Bodeguero'),
(6, 'Vendedor'),
(7, 'Oficial de seguridad');

-- Empleados
INSERT INTO ELEEmpleados (CodEmpleado, Identificacion, Nombre, Apellido1, Apellido2, FecIngreso, CodTienda, CodCargo) VALUES
(1, '604150537', 'GRECIANA VIRGINIA', 'PORRAS', 'PORRAS', '2019-06-20', 1, 1),
(2, '604680869', 'IRAN BEATRIZ', 'GARCIA', 'GARCIA', '2017-06-16', 1, 2),
(3, '504130491', 'KARINA', 'VASQUEZ', 'VASQUEZ', '2019-10-21', 1, 3),
(4, '302890926', 'WALTER', 'SERRANO', 'SERRANO', '2023-01-16', 1, 4),
(5, '504130489', 'JOSE MARIA', 'URBINA', 'URBINA', '2018-11-21', 1, 5),
(6, '504090623', 'JUAN ANTONIO', 'CAMACHO', 'CAMACHO', '2021-12-25', 1, 6),
(7, '504090612', 'JOSE ANDRES', 'ALEMAN', 'ALEMAN', '2016-01-20', 1, 7),
(8, '118770803', 'VALERIA ISABEL', 'CEDEÑO', 'CEDEÑO', '2023-11-13', 1, 6),
(9, '118280607', 'KAREN', 'CORDERO', 'CORDERO', '2011-06-29', 1, 6),
(10, '118770811', 'ASHLYN NICOLE', 'GONZALEZ', 'GONZALEZ', '2015-12-31', 1, 3),
(11, '118770761', 'PAOLA DE LOS ANGELES', 'MONTOYA', 'MONTOYA', '2013-09-15', 2, 1),
(12, '118770804', 'BRANDON JOSUE', 'VARGAS', 'VARGAS', '2013-07-05', 2, 2),
(13, '604150528', 'CRISTEL SUSET', 'ESPINOZA', 'ESPINOZA', '2015-07-11', 2, 3),
(14, '118770799', 'BRANDY JIMENA', 'SEPULVEDA', 'SEPULVEDA', '2020-07-26', 2, 4),
(15, '118770754', 'LEONARDO ANDRES', 'CECILIANO', 'CECILIANO', '2022-02-20', 2, 5),
(16, '205430837', 'FABIAN FRANCISCO', 'CAMPOS', 'CAMPOS', '2017-04-05', 2, 6),
(17, '604150526', 'BRAYAN ANULFO', 'CHACON', 'CHACON', '2013-09-23', 2, 7),
(18, '604150561', 'LUCERO', 'ROJAS', 'ROJAS', '2013-04-09', 2, 5),
(19, '302410339', 'SONIA MARIA', 'BRENES', 'BRENES', '2024-06-16', 2, 3),
(20, '504090643', 'MARIA ANGELICA', 'VARELA', 'VARELA', '2016-03-06', 2, 6),
(21, '118280588', 'MICHAEL STEVEN', 'OCHOA', 'OCHOA', '2021-11-03', 3, 1),
(22, '504090647', 'MERCEDES DEL SOCORRO', 'RAMOS', 'RAMOS', '2016-04-30', 3, 2),
(23, '302600441', 'BERNARDITA', 'MATA', 'MATA', '2014-02-26', 3, 3),
(24, '504130510', 'ADRIANA DE LOS ANGELES', 'LOPEZ', 'LOPEZ', '2014-07-28', 3, 4),
(25, '501401108', 'ANA CRISTINA', 'BELMONTE', 'BELMONTE', '2022-03-05', 3, 5),
(26, '302410325', 'ISABEL', 'BRAVO', 'BRAVO', '2018-03-05', 3, 6),
(27, '118770758', 'JOSE DAVID', 'PADILLA', 'PADILLA', '2021-01-13', 3, 7),
(28, '504130536', 'FRANK', 'QUIROS', 'QUIROS', '2013-05-03', 3, 3),
(29, '501401105', 'JUAN RAFAEL', 'CHAVES', 'CHAVES', '2022-03-02', 3, 6),
(30, '302890988', 'LUIS FERNANDO', 'MONGE', 'MONGE', '2023-11-23', 3, 3),
(31, '302600449', 'JULIO FERNANDO', 'SERRANO', 'SERRANO', '2012-07-20', 4, 1),
(32, '604150545', 'LAURA DEL SOCORRO', 'NAJERA', 'NAJERA', '2020-09-17', 4, 2),
(33, '302410372', 'EDWIN FRANCISCO', 'CORDERO', 'CORDERO', '2012-10-07', 4, 3),
(34, '205430864', 'ANGELICA MARIA', 'MADRIGAL', 'MADRIGAL', '2019-12-07', 4, 4),
(35, '302600389', 'JOSE JOAQUIN', 'CHACON', 'CHACON', '2021-04-26', 4, 5),
(36, '604150539', 'ANDREA MARIA', 'BERMUDEZ', 'BERMUDEZ', '2013-04-22', 4, 6),
(37, '302410335', 'LUIS EUGENIO', 'CALVO', 'CALVO', '2018-09-10', 4, 7),
(38, '504090657', 'ERICK DAVID', 'TORRES', 'TORRES', '2011-05-27', 4, 3),
(39, '302890933', 'VIVIAN', 'PEÑARANDA', 'PEÑARANDA', '2017-08-15', 4, 3),
(40, '205430866', 'MARIA JENIFEER', 'SEGURA', 'SEGURA', '2023-04-13', 4, 6),
(41, '302410332', 'MARIO ALBERTO', 'CUBERO', 'CUBERO', '2023-08-02', 5, 1),
(42, '302600427', 'JOSE FRANCISCO', 'HERNANDEZ', 'HERNANDEZ', '2020-02-11', 5, 2),
(43, '502650498', 'ABRAHAM', 'HERNANDEZ', 'HERNANDEZ', '2017-09-28', 5, 3),
(44, '504130495', 'MARLON WILBERTH', 'ROMERO', 'ROMERO', '2018-04-20', 5, 4),
(45, '205430806', 'ALONSO ENRIQUE', 'CAMPOS', 'CAMPOS', '2022-05-14', 5, 5),
(46, '502650488', 'FREDDY ANGEL', 'AGUIRRE', 'AGUIRRE', '2024-02-06', 5, 6),
(47, '501401107', 'JESUS', 'RUIZ', 'RUIZ', '2021-07-01', 5, 7),
(48, '504090648', 'GERARDO JOSE', 'RIVERA', 'RIVERA', '2021-08-28', 5, 3),
(49, '302410375', 'ALFREDO', 'BARQUERO', 'BARQUERO', '2013-08-26', 5, 3),
(50, '118770791', 'JOSHUA DANIEL', 'LOPEZ', 'LOPEZ', '2021-03-08', 5, 7),
(51, '205430850', 'LISBETH', 'GRANADOS', 'GRANADOS', '2014-05-24', 6, 1),
(52, '302600437', 'LIGIA MARIA', 'GUTIERREZ', 'GUTIERREZ', '2022-05-15', 6, 2),
(53, '504090663', 'ADRIANA DE LOS ANGELES', 'NUÑEZ', 'NUÑEZ', '2016-09-22', 6, 3),
(54, '604150585', 'ODEDH', 'REINOR', 'REINOR', '2015-04-04', 6, 4),
(55, '118280579', 'STACY NICOLE', 'GUTIERREZ', 'GUTIERREZ', '2013-04-02', 6, 5),
(56, '118770776', 'GUSTAVO JOSE', 'CORDERO', 'CORDERO', '2020-01-07', 6, 6),
(57, '205430854', 'MAURICIO JOSE', 'CAMPOS', 'CAMPOS', '2014-01-07', 6, 7),
(58, '604150575', 'DANIELA MARIA', 'GUZMAN', 'GUZMAN', '2017-09-27', 6, 3),
(59, '604150564', 'KIMBERLY SHIRLEY', 'RIVAS', 'RIVAS', '2012-06-10', 6, 3),
(60, '504130527', 'YUDINETH DAYAN', 'LOPEZ', 'LOPEZ', '2012-03-25', 6, 6),
(61, '504130485', 'ALEJANDRA MARIA', 'MARTINEZ', 'MARTINEZ', '2011-07-18', 6, 2),
(62, '504130492', 'JOSE MANUEL', 'RUIZ', 'RUIZ', '2015-02-24', 7, 1),
(63, '604150570', 'JOSSELINE REBECA', 'VICTOR', 'VICTOR', '2022-12-07', 7, 2),
(64, '118280583', 'ADRIAN JOSE', 'CARMONA', 'CARMONA', '2017-02-01', 7, 3),
(65, '504090642', 'JOSE JEHUDY', 'POMARES', 'POMARES', '2015-03-21', 7, 4),
(66, '118770784', 'MARIA VALERIA', 'ESQUIVEL', 'ESQUIVEL', '2018-11-06', 7, 5),
(67, '118770818', 'JONATHAN MOISES', 'MOLINA', 'MOLINA', '2022-12-02', 7, 6),
(68, '604150538', 'KESIEL SADRAC', 'VILLALOBOS', 'VILLALOBOS', '2012-07-19', 7, 7),
(69, '504090608', 'RANDALL ALBERTO', 'JUNEZ', 'JUNEZ', '2012-01-16', 7, 2),
(70, '302890939', 'PRISCILLA', 'JIMENEZ', 'JIMENEZ', '2021-04-11', 7, 3),
(71, '118280568', 'ANDER', 'CASCANTE', 'CASCANTE', '2015-09-19', 8, 1),
(72, '302410342', 'ALBERTO', 'AGUILAR', 'AGUILAR', '2019-03-04', 8, 2),
(73, '302600410', 'JOSE ANTONIO', 'MORA', 'MORA', '2018-09-02', 8, 3),
(74, '302890986', 'VERA LILIANA', 'ROLDAN', 'ROLDAN', '2013-04-29', 8, 4),
(75, '504090606', 'ARGERIE MARIA', 'RODRIGUEZ', 'RODRIGUEZ', '2012-06-25', 8, 5),
(76, '504090667', 'IZA MARA', 'FERNANDEZ', 'FERNANDEZ', '2013-12-21', 8, 6),
(77, '504130514', 'EVER', 'ESPINOZA', 'ESPINOZA', '2020-06-15', 8, 7),
(78, '302410323', 'ROSA', 'QUIROS', 'QUIROS', '2019-04-09', 8, 3),
(79, '302890924', 'ASDRUBAL', 'MENDEZ', 'MENDEZ', '2012-08-06', 8, 6),
(80, '604680874', 'VALERIA PRISCILLA', 'BUSTOS', 'BUSTOS', '2022-08-17', 8, 2),
(81, '118280562', 'VALERY ABIGAIL', 'SEVILLA', 'SEVILLA', '2012-06-17', 9, 1),
(82, '302600411', 'DIGNA', 'SOJO', 'SOJO', '2024-02-17', 9, 2),
(83, '504090639', 'MELISSA MARGARITA', 'ULLOA', 'ULLOA', '2019-04-26', 9, 3),
(84, '302890971', 'SERGIO HUMBERTO', 'QUIROS', 'QUIROS', '2024-03-08', 9, 4),
(85, '604680859', 'STUART FRANCISCO', 'ANGULO', 'ANGULO', '2023-08-12', 9, 5),
(86, '118770792', 'MARIPAZ', 'GUTIERREZ', 'GUTIERREZ', '2011-04-02', 9, 6),
(87, '302600417', 'JOSE ANGEL', 'AVENDAÑO', 'AVENDAÑO', '2015-12-25', 9, 7),
(88, '302890967', 'WALTER', 'MUÑOZ', 'MUÑOZ', '2023-01-01', 9, 3),
(89, '501401129', 'JOSE LUIS', 'RIVERA', 'RIVERA', '2021-12-19', 9, 6),
(90, '302890920', 'ANA MARIA', 'RIVERA', 'RIVERA', '2023-09-17', 9, 6),
(91, '118280547', 'CHRISTOPHER ANTONIO', 'ROSALES', 'ROSALES', '2017-07-19', 10, 1),
(92, '118770800', 'TANIA MARIA', 'MARIN', 'MARIN', '2015-05-31', 10, 2),
(93, '504130488', 'WILMER ANTONIO', 'AREVALO', 'AREVALO', '2023-04-28', 10, 3),
(94, '302410317', 'MARIA ISABEL', 'GRANADOS', 'GRANADOS', '2022-02-20', 10, 4),
(95, '604150546', 'NELSON JOSE', 'JIMENEZ', 'JIMENEZ', '2020-05-24', 10, 5),
(96, '604680871', 'SAYMOND JOSUE', 'RODRIGUEZ', 'RODRIGUEZ', '2024-06-03', 10, 6),
(97, '205430833', 'OSVALDO', 'MASIS', 'MASIS', '2015-06-04', 10, 7),
(98, '501401068', 'JOSE JOAQUIN', 'CASTILLO', 'CASTILLO', '2024-08-28', 10, 3),
(99, '302890930', 'ANA GABRIELA', 'VEGA', 'VEGA', '2015-07-09', 10, 6),
(100, '118770815', 'JEFFERSON', 'QUESADA', 'QUESADA', '2020-12-21', 10, 6);


--Tabla Encabezado de facturas

INSERT INTO ELEFacturaEnc (NumFactura, FecCompra, CodCliente, CodEmpleado, CodTienda, Total, FecEntrega, Estado) VALUES
(1, '2018-01-16', 34, 95, 5, 1207425.00, '2018-01-17', 1),
(2, '2018-01-31', 34, 36, 4, 1219945.00, '2018-02-01', 1),
(3, '2018-02-06', 97, 22, 6, 1183346.00, '2018-02-07', 1),
(4, '2018-02-14', 25, 16, 3, 1499700.00, '2018-02-15', 1),
(5, '2018-02-26', 4, 2, 1, 385270.00, '2018-02-27', 1),
(6, '2018-03-03', 75, 97, 5, 240005.00, '2018-03-04', 1),
(7, '2018-03-06', 12, 78, 2, 685270.00, '2018-03-07', 1),
(8, '2018-03-08', 42, 30, 8, 44900.00, '2018-03-09', 1),
(9, '2018-03-22', 97, 75, 9, 701562.00, '2018-03-23', 1),
(10, '2018-04-02', 4, 37, 10, 240005.00, '2018-04-03', 1),
(11, '2018-04-14', 30, 21, 8, 17425.00, '2018-04-15', 1),
(12, '2018-04-25', 32, 61, 6, 22425.00, '2018-04-26', 1),
(13, '2018-05-06', 7, 14, 1, 131190.00, '2018-05-07', 1),
(14, '2018-05-07', 96, 2, 8, 34425.00, '2018-05-08', 1),
(15, '2018-05-15', 14, 92, 3, 499890.00, '2018-05-16', 1),
(16, '2018-05-23', 85, 92, 10, 54990.00, '2018-05-24', 1),
(17, '2018-06-04', 39, 23, 3, 164970.00, '2018-06-05', 1),
(18, '2018-06-14', 64, 73, 8, 101175.00, '2018-06-15', 1),
(19, '2018-06-27', 100, 27, 3, 149925.00, '2018-06-28', 1),
(20, '2018-06-28', 59, 90, 10, 385270.00, '2018-06-29', 1),
(21, '2018-07-10', 23, 83, 5, 44900.00, '2018-07-11', 1),
(22, '2018-07-21', 34, 47, 1, 285000.00, '2018-07-22', 1),
(23, '2018-08-02', 6, 62, 2, 209900.00, '2018-08-03', 1),
(24, '2018-08-16', 83, 47, 9, 101175.00, '2018-08-17', 1),
(25, '2018-08-19', 13, 27, 1, 109900.00, '2018-08-20', 1),
(26, '2018-08-25', 78, 32, 6, 899900.00, '2018-08-26', 1),
(27, '2018-09-02', 67, 58, 8, 22425.00, '2018-09-03', 1),
(28, '2018-09-16', 3, 44, 6, 191385.00, '2018-09-17', 1),
(29, '2018-09-26', 55, 38, 8, 371375.00, '2018-09-27', 1),
(30, '2018-10-05', 60, 49, 9, 139900.00, '2018-10-06', 1),
(31, '2018-10-14', 29, 38, 6, 399330.00, '2018-10-15', 1),
(32, '2018-10-25', 74, 39, 1, 2999970.00, '2018-10-26', 1),
(33, '2018-11-01', 88, 37, 10, 350781.00, '2018-11-02', 1),
(34, '2018-11-14', 82, 53, 3, 10000.00, '2018-11-15', 1),
(35, '2018-11-17', 10, 24, 8, 451905.00, '2018-11-18', 1),
(36, '2018-11-28', 72, 34, 8, 742750.00, '2018-11-29', 1),
(37, '2018-12-06', 6, 84, 3, 17425.00, '2018-12-07', 1),
(38, '2018-12-16', 66, 79, 2, 40125.00, '2018-12-17', 1),
(39, '2018-12-27', 17, 44, 9, 249900.00, '2018-12-28', 1),
(40, '2019-01-01', 68, 91, 6, 149980.00, '2019-01-02', 1),
(41, '2019-01-09', 22, 89, 1, 285000.00, '2019-01-10', 1),
(42, '2019-01-15', 46, 83, 8, 449990.00, '2019-01-16', 1),
(43, '2019-01-24', 13, 48, 3, 899900.00, '2019-01-25', 1),
(44, '2019-02-02', 35, 60, 5, 423600.00, '2019-02-03', 1),
(45, '2019-02-08', 8, 11, 8, 40125.00, '2019-02-09', 1),
(46, '2019-02-21', 45, 64, 2, 482900.00, '2019-02-22', 1),
(47, '2019-03-04', 33, 98, 4, 385270.00, '2019-03-05', 1),
(48, '2019-03-17', 90, 24, 10, 449990.00, '2019-03-18', 1),
(49, '2019-03-25', 1, 15, 1, 399330.00, '2019-03-26', 1),
(50, '2019-03-28', 59, 73, 7, 777220.00, '2019-03-29', 1),
(51, '2019-04-05', 78, 14, 7, 172900.00, '2019-04-06', 1),
(52, '2019-04-10', 12, 7, 9, 579800.00, '2019-04-11', 1),
(53, '2019-04-13', 39, 70, 6, 579800.00, '2019-04-14', 1),
(54, '2019-04-18', 14, 52, 3, 886515.00, '2019-04-19', 1),
(55, '2019-05-02', 6, 61, 5, 240005.00, '2019-05-03', 1),
(56, '2019-05-10', 4, 79, 7, 24425.00, '2019-05-11', 1),
(57, '2019-05-20', 4, 26, 3, 482900.00, '2019-05-21', 1),
(58, '2019-05-22', 4, 98, 5, 699330.00, '2019-05-23', 1),
(59, '2019-06-04', 83, 91, 4, 45900.00, '2019-06-05', 1),
(60, '2019-06-05', 6, 22, 4, 74990.00, '2019-06-06', 1),
(61, '2019-06-15', 67, 18, 7, 74990.00, '2019-06-16', 1),
(62, '2019-06-29', 36, 64, 8, 579800.00, '2019-06-30', 1),
(63, '2019-07-05', 23, 47, 5, 45900.00, '2019-07-06', 1),
(64, '2019-07-09', 84, 50, 1, 451905.00, '2019-07-10', 1),
(65, '2019-07-17', 82, 55, 1, 999990.00, '2019-07-18', 1),
(66, '2019-07-19', 78, 54, 2, 50125.00, '2019-07-20', 1),
(67, '2019-07-28', 21, 49, 8, 371375.00, '2019-07-29', 1),
(68, '2019-07-31', 5, 3, 1, 44900.00, '2019-08-01', 1),
(69, '2019-08-08', 75, 22, 7, 191385.00, '2019-08-09', 1),
(70, '2019-08-12', 35, 89, 6, 385270.00, '2019-08-13', 1),
(71, '2019-08-24', 66, 86, 6, 285000.00, '2019-08-25', 1),
(72, '2019-08-26', 99, 86, 5, 22425.00, '2019-08-27', 1),
(73, '2019-09-09', 89, 95, 10, 54990.00, '2019-09-10', 1),
(74, '2019-09-15', 59, 40, 8, 74990.00, '2019-09-16', 1),
(75, '2019-09-17', 41, 44, 4, 17425.00, '2019-09-18', 1),
(76, '2019-09-19', 86, 40, 2, 209900.00, '2019-09-20', 1),
(77, '2019-09-21', 3, 80, 4, 285000.00, '2019-09-22', 1),
(78, '2019-09-24', 20, 17, 1, 769955.00, '2019-09-25', 1),
(79, '2019-09-28', 49, 87, 6, 547425.00, '2019-09-29', 1),
(80, '2019-10-03', 17, 82, 6, 499900.00, '2019-10-04', 1),
(81, '2019-10-16', 73, 95, 8, 172900.00, '2019-10-17', 1),
(82, '2019-10-26', 15, 48, 6, 449990.00, '2019-10-27', 1),
(83, '2019-11-09', 33, 62, 6, 499890.00, '2019-11-10', 1),
(84, '2019-11-23', 3, 93, 6, 139900.00, '2019-11-24', 1),
(85, '2019-11-24', 62, 86, 4, 379800.00, '2019-11-25', 1),
(86, '2019-12-02', 38, 10, 2, 141200.00, '2019-12-03', 1),
(87, '2019-12-05', 91, 22, 3, 285000.00, '2019-12-06', 1),
(88, '2019-12-13', 88, 44, 10, 141200.00, '2019-12-14', 1),
(89, '2019-12-16', 73, 85, 2, 24425.00, '2019-12-17', 1),
(90, '2019-12-21', 68, 54, 2, 10000.00, '2019-12-22', 1),
(91, '2020-01-05', 72, 15, 2, 172900.00, '2020-01-06', 1),
(92, '2020-01-16', 66, 1, 4, 547425.00, '2020-01-17', 1),
(93, '2020-01-29', 69, 55, 5, 54990.00, '2020-01-30', 1),
(94, '2020-02-05', 1, 70, 5, 319900.00, '2020-02-06', 1),
(95, '2020-02-10', 41, 12, 6, 221385.00, '2020-02-11', 1),
(96, '2020-02-13', 12, 21, 1, 127965.00, '2020-02-14', 1),
(97, '2020-02-26', 39, 23, 9, 379800.00, '2020-02-27', 1),
(98, '2020-03-08', 83, 3, 5, 385270.00, '2020-03-09', 1),
(99, '2020-03-09', 44, 28, 8, 547425.00, '2020-03-10', 1),
(100, '2020-03-11', 12, 49, 2, 48850.00, '2020-03-12', 1),
(101, '2020-03-14', 48, 70, 1, 699330.00, '2020-03-15', 1),
(102, '2020-03-29', 50, 36, 2, 112600.00, '2020-03-30', 1),
(103, '2020-04-09', 35, 11, 1, 24425.00, '2020-04-10', 1),
(104, '2020-04-15', 70, 18, 2, 191385.00, NULL, 0),
(105, '2020-04-18', 31, 5, 4, 285000.00, '2020-04-19', 1),
(106, '2020-05-01', 8, 38, 4, 518700.00, '2020-05-02', 1),
(107, '2020-05-09', 30, 22, 8, 299890.00, '2020-05-10', 1),
(108, '2020-05-16', 26, 28, 10, 17425.00, '2020-05-17', 1),
(109, '2020-05-30', 11, 76, 4, 17425.00, '2020-05-31', 1),
(110, '2020-06-14', 2, 100, 5, 899900.00, '2020-06-15', 1),
(111, '2020-06-25', 48, 87, 9, 44900.00, '2020-06-26', 1),
(112, '2020-07-05', 81, 33, 9, 74990.00, '2020-07-06', 1),
(113, '2020-07-17', 69, 70, 7, 2439890.00, '2020-07-18', 1),
(114, '2020-07-31', 76, 67, 10, 769955.00, '2020-08-01', 1),
(115, '2020-08-12', 47, 59, 6, 191385.00, '2020-08-13', 1),
(116, '2020-08-21', 15, 71, 4, 172900.00, '2020-08-22', 1),
(117, '2020-09-01', 90, 38, 7, 559600.00, '2020-09-02', 1),
(118, '2020-09-03', 48, 65, 9, 999990.00, '2020-09-04', 1),
(119, '2020-09-14', 13, 85, 7, 441375.00, '2020-09-15', 1),
(120, '2020-09-28', 53, 96, 6, 319900.00, '2020-09-29', 1),
(121, '2020-10-10', 71, 12, 10, 469900.00, '2020-10-11', 1),
(122, '2020-10-24', 4, 51, 7, 999990.00, '2020-10-25', 1),
(123, '2020-11-03', 16, 31, 2, 469900.00, NULL, 0),
(124, '2020-11-16', 87, 21, 8, 337800.00, '2020-11-17', 1),
(125, '2020-11-23', 27, 4, 3, 1086682.00, '2020-11-24', 1),
(126, '2020-11-27', 14, 15, 1, 685270.00, '2020-11-28', 1),
(127, '2020-12-06', 58, 35, 2, 685270.00, '2020-12-07', 1),
(128, '2020-12-12', 73, 12, 2, 40125.00, '2020-12-13', 1),
(129, '2020-12-16', 47, 76, 2, 482900.00, '2020-12-17', 1),
(130, '2020-12-19', 70, 57, 2, 109900.00, '2020-12-20', 1),
(131, '2020-12-24', 80, 26, 7, 109900.00, '2020-12-25', 1),
(132, '2021-01-06', 75, 43, 6, 50125.00, '2021-01-07', 1),
(133, '2021-01-19', 52, 75, 6, 499890.00, '2021-01-20', 1),
(134, '2021-01-30', 86, 92, 10, 299900.00, '2021-01-31', 1),
(135, '2021-02-04', 10, 24, 9, 1094850.00, '2021-02-05', 1),
(136, '2021-02-12', 96, 15, 1, 799900.00, '2021-02-13', 1),
(137, '2021-02-21', 21, 28, 2, 299890.00, '2021-02-22', 1),
(138, '2021-03-04', 21, 83, 4, 179980.00, '2021-03-05', 1),
(139, '2021-03-10', 76, 82, 5, 579800.00, '2021-03-11', 1),
(140, '2021-03-12', 27, 41, 9, 179980.00, '2021-03-13', 1),
(141, '2021-03-26', 74, 74, 8, 547425.00, NULL, 0),
(142, '2021-03-31', 12, 47, 2, 434610.00, '2021-04-01', 1),
(143, '2021-04-05', 49, 53, 4, 371375.00, '2021-04-06', 1),
(144, '2021-04-11', 57, 73, 9, 139900.00, NULL, 0),
(145, '2021-04-23', 2, 31, 6, 139900.00, '2021-04-24', 1),
(146, '2021-04-25', 10, 5, 1, 685270.00, '2021-04-26', 1),
(147, '2021-04-27', 77, 57, 9, 249900.00, '2021-04-28', 1),
(148, '2021-05-08', 6, 41, 10, 762850.00, '2021-05-09', 1),
(149, '2021-05-13', 9, 63, 7, 769955.00, '2021-05-14', 1),
(150, '2021-05-21', 27, 34, 6, 299890.00, '2021-05-22', 1),
(151, '2021-06-03', 84, 96, 6, 592470.00, '2021-06-04', 1),
(152, '2021-06-07', 63, 88, 2, 249900.00, '2021-06-08', 1),
(153, '2021-06-11', 39, 7, 3, 10000.00, '2021-06-12', 1),
(154, '2021-06-21', 8, 22, 10, 1207425.00, '2021-06-22', 1),
(155, '2021-06-30', 60, 12, 2, 299900.00, '2021-07-01', 1),
(156, '2021-07-07', 39, 70, 10, 149925.00, '2021-07-08', 1),
(157, '2021-07-18', 21, 76, 3, 172900.00, NULL, 0),
(158, '2021-07-29', 9, 88, 4, 50125.00, '2021-07-30', 1),
(159, '2021-07-31', 16, 18, 5, 50125.00, '2021-08-01', 1),
(160, '2021-08-15', 71, 71, 2, 22425.00, '2021-08-16', 1),
(161, '2021-08-19', 82, 79, 2, 131190.00, '2021-08-20', 1),
(162, '2021-08-31', 87, 25, 1, 455803.00, '2021-09-01', 1),
(163, '2021-09-15', 68, 28, 4, 379800.00, '2021-09-16', 1),
(164, '2021-09-27', 75, 86, 7, 1219945.00, '2021-09-28', 1),
(165, '2021-10-10', 3, 65, 6, 699330.00, '2021-10-11', 1),
(166, '2021-10-13', 36, 19, 10, 22425.00, '2021-10-14', 1),
(167, '2021-10-16', 58, 58, 2, 249900.00, '2021-10-17', 1),
(168, '2021-10-26', 33, 98, 1, 449990.00, '2021-10-27', 1),
(169, '2021-11-05', 52, 15, 1, 101175.00, '2021-11-06', 1),
(170, '2021-11-07', 53, 46, 4, 579800.00, '2021-11-08', 1),
(171, '2021-11-18', 96, 88, 5, 131190.00, '2021-11-19', 1),
(172, '2021-11-22', 78, 58, 7, 385270.00, '2021-11-23', 1),
(173, '2021-12-06', 29, 32, 3, 499900.00, '2021-12-07', 1),
(174, '2021-12-08', 86, 95, 4, 112600.00, '2021-12-09', 1),
(175, '2021-12-18', 25, 67, 6, 350781.00, NULL, 0),
(176, '2021-12-22', 16, 4, 4, 155610.00, '2021-12-23', 1),
(177, '2021-12-30', 100, 83, 3, 798660.00, '2021-12-31', 1),
(178, '2022-01-14', 57, 79, 9, 101175.00, '2022-01-15', 1),
(179, '2022-01-23', 20, 73, 8, 44900.00, '2022-01-24', 1),
(180, '2022-02-02', 14, 38, 8, 382770.00, '2022-02-03', 1),
(181, '2022-02-07', 63, 80, 1, 371375.00, '2022-02-08', 1),
(182, '2022-02-15', 74, 14, 10, 385270.00, '2022-02-16', 1),
(183, '2022-02-23', 7, 55, 7, 319900.00, '2022-02-24', 1),
(184, '2022-03-04', 100, 93, 2, 24425.00, '2022-03-05', 1),
(185, '2022-03-10', 65, 26, 5, 50125.00, '2022-03-11', 1),
(186, '2022-03-15', 95, 49, 9, 17425.00, '2022-03-16', 1),
(187, '2022-03-21', 30, 86, 10, 10000.00, NULL, 0),
(188, '2022-03-23', 2, 19, 4, 399330.00, '2022-03-24', 1),
(189, '2022-04-01', 10, 11, 8, 109900.00, '2022-04-02', 1),
(190, '2022-04-11', 35, 60, 10, 882750.00, '2022-04-12', 1),
(191, '2022-04-20', 6, 97, 2, 112600.00, '2022-04-21', 1),
(192, '2022-04-28', 76, 53, 4, 249900.00, '2022-04-29', 1),
(193, '2022-05-03', 99, 24, 5, 249900.00, '2022-05-04', 1),
(194, '2022-05-17', 57, 28, 10, 469900.00, '2022-05-18', 1),
(195, '2022-05-24', 95, 38, 9, 799900.00, '2022-05-25', 1),
(196, '2022-06-04', 92, 4, 7, 179980.00, '2022-06-05', 1),
(197, '2022-06-07', 93, 71, 7, 249900.00, '2022-06-08', 1),
(198, '2022-06-22', 93, 51, 7, 299890.00, '2022-06-23', 1),
(199, '2022-07-01', 53, 88, 5, 1765500.00, '2022-07-02', 1),
(200, '2022-07-05', 81, 85, 10, 379800.00, '2022-07-06', 1),
(201, '2022-07-16', 83, 97, 6, 685270.00, '2022-07-17', 1),
(202, '2022-07-23', 83, 8, 3, 319900.00, '2022-07-24', 1),
(203, '2022-07-31', 23, 80, 7, 252787.00, '2022-08-01', 1),
(204, '2022-08-03', 97, 25, 8, 379800.00, '2022-08-04', 1),
(205, '2022-08-17', 5, 54, 9, 762850.00, '2022-08-18', 1),
(206, '2022-08-29', 64, 58, 1, 385270.00, '2022-08-30', 1),
(207, '2022-08-31', 33, 77, 3, 409800.00, '2022-09-01', 1),
(208, '2022-09-08', 66, 50, 9, 172900.00, NULL, 0),
(209, '2022-09-18', 31, 37, 3, 499890.00, '2022-09-19', 1),
(210, '2022-09-28', 50, 91, 2, 777220.00, '2022-09-29', 1),
(211, '2022-10-02', 4, 19, 6, 22425.00, '2022-10-03', 1),
(212, '2022-10-14', 69, 87, 10, 22425.00, '2022-10-15', 1),
(213, '2022-10-25', 76, 56, 2, 882750.00, '2022-10-26', 1),
(214, '2022-10-31', 32, 4, 1, 240005.00, '2022-11-01', 1),
(215, '2022-11-02', 46, 6, 1, 149925.00, NULL, 0),
(216, '2022-11-16', 72, 71, 5, 399330.00, '2022-11-17', 1),
(217, '2022-11-24', 50, 38, 5, 799900.00, '2022-11-25', 1),
(218, '2022-12-03', 17, 59, 3, 209900.00, '2022-12-04', 1),
(219, '2022-12-11', 24, 57, 1, 22425.00, '2022-12-12', 1),
(220, '2022-12-16', 93, 53, 5, 1219945.00, '2022-12-17', 1),
(221, '2022-12-29', 53, 59, 10, 999990.00, '2022-12-30', 1),
(222, '2023-01-01', 92, 89, 8, 499890.00, '2023-01-02', 1),
(223, '2023-01-13', 60, 5, 6, 449990.00, '2023-01-14', 1),
(224, '2023-01-14', 74, 20, 7, 141200.00, '2023-01-15', 1),
(225, '2023-01-25', 43, 44, 3, 2288550.00, '2023-01-26', 1),
(226, '2023-02-03', 73, 86, 4, 1219945.00, '2023-02-04', 1),
(227, '2023-02-14', 40, 19, 4, 762850.00, '2023-02-15', 1),
(228, '2023-02-21', 38, 5, 6, 399330.00, '2023-02-22', 1),
(229, '2023-02-23', 17, 54, 7, 22425.00, '2023-02-24', 1),
(230, '2023-03-10', 49, 27, 7, 499890.00, '2023-03-11', 1),
(231, '2023-03-11', 94, 42, 2, 570000.00, '2023-03-12', 1),
(232, '2023-03-20', 28, 47, 2, 101175.00, NULL, 0),
(233, '2023-03-23', 91, 78, 10, 10000.00, '2023-03-24', 1),
(234, '2023-03-31', 73, 83, 9, 44900.00, '2023-04-01', 1),
(235, '2023-04-05', 26, 40, 8, 40125.00, '2023-04-06', 1),
(236, '2023-04-08', 7, 28, 5, 101175.00, '2023-04-09', 1),
(237, '2023-04-19', 61, 21, 10, 399330.00, '2023-04-20', 1),
(238, '2023-04-24', 97, 94, 5, 299900.00, NULL, 0),
(239, '2023-05-01', 30, 53, 4, 101175.00, '2023-05-02', 1),
(240, '2023-05-12', 17, 5, 1, 1525700.00, '2023-05-13', 1),
(241, '2023-05-20', 54, 6, 9, 777220.00, '2023-05-21', 1),
(242, '2023-05-28', 71, 33, 8, 777220.00, '2023-05-29', 1),
(243, '2023-06-05', 72, 72, 7, 74990.00, '2023-06-06', 1),
(244, '2023-06-16', 33, 68, 4, 109900.00, NULL, 0),
(245, '2023-06-20', 10, 82, 3, 221385.00, '2023-06-21', 1),
(246, '2023-07-03', 92, 45, 6, 574155.00, NULL, 0),
(247, '2023-07-05', 71, 77, 6, 2007325.00, '2023-07-06', 1),
(248, '2023-07-18', 77, 100, 9, 699330.00, '2023-07-19', 1),
(249, '2023-07-29', 96, 99, 1, 109900.00, NULL, 0),
(250, '2023-08-09', 67, 91, 1, 1709100.00, '2023-08-10', 1);



-- Tabla detalles de factura
INSERT INTO ELEFacturasDet (NumFactura, CodItem, Cantidad, PrecioUnitario, Descuento, CodProducto) VALUES
(1, 1, 1, 1207425, 0, 38),
(2, 1, 1, 1219945, 0, 34),
(3, 1, 1, 1219945, 36598, 34),
(4, 1, 3, 499900, 0, 48),
(5, 1, 1, 385270, 0, 1),
(6, 1, 1, 240005, 0, 30),
(7, 1, 1, 685270, 0, 37),
(8, 1, 1, 44900, 0, 24),
(9, 1, 2, 350781, 0, 39),
(10, 1, 1, 240005, 0, 30),
(11, 1, 1, 17425, 0, 43),
(12, 1, 1, 22425, 0, 7),
(13, 1, 1, 131190, 0, 51),
(14, 1, 1, 34425, 0, 6),
(15, 1, 1, 499890, 0, 5),
(16, 1, 1, 54990, 0, 14),
(17, 1, 3, 54990, 0, 14),
(18, 1, 1, 101175, 0, 16),
(19, 1, 1, 149925, 0, 32),
(20, 1, 1, 385270, 0, 1),
(21, 1, 1, 44900, 0, 24),
(22, 1, 1, 285000, 0, 26),
(23, 1, 1, 209900, 0, 47),
(24, 1, 1, 101175, 0, 16),
(25, 1, 1, 109900, 0, 12),
(26, 1, 1, 899900, 0, 50),
(27, 1, 1, 22425, 0, 7),
(28, 1, 1, 191385, 0, 54),
(29, 1, 1, 371375, 0, 55),
(30, 1, 1, 139900, 0, 11),
(31, 1, 1, 399330, 0, 40),
(32, 1, 3, 999990, 0, 36),
(33, 1, 1, 350781, 0, 39),
(34, 1, 1, 10000, 0, 25),
(35, 1, 1, 451905, 0, 29),
(36, 1, 2, 371375, 0, 55),
(37, 1, 1, 17425, 0, 43),
(38, 1, 1, 40125, 0, 17),
(39, 1, 1, 249900, 0, 44),
(40, 1, 2, 74990, 0, 49),
(41, 1, 1, 285000, 0, 26),
(42, 1, 1, 449990, 0, 28),
(43, 1, 1, 899900, 0, 50),
(44, 1, 3, 141200, 0, 9),
(45, 1, 1, 40125, 0, 17),
(46, 1, 1, 482900, 0, 27),
(47, 1, 1, 385270, 0, 1),
(48, 1, 1, 449990, 0, 28),
(49, 1, 1, 399330, 0, 40),
(50, 1, 1, 777220, 0, 3),
(51, 1, 1, 172900, 0, 10),
(52, 1, 1, 579800, 0, 53),
(53, 1, 1, 579800, 0, 53),
(54, 1, 1, 482900, 48290, 27),
(54, 2, 1, 451905, 0, 29),
(55, 1, 1, 240005, 0, 30),
(56, 1, 1, 24425, 0, 42),
(57, 1, 1, 482900, 0, 27),
(58, 1, 1, 699330, 0, 4),
(59, 1, 1, 45900, 0, 22),
(60, 1, 1, 74990, 0, 49),
(61, 1, 1, 74990, 0, 49),
(62, 1, 1, 579800, 0, 53),
(63, 1, 1, 45900, 0, 22),
(64, 1, 1, 451905, 0, 29),
(65, 1, 1, 999990, 0, 36),
(66, 1, 1, 50125, 0, 52),
(67, 1, 1, 371375, 0, 55),
(68, 1, 1, 44900, 0, 24),
(69, 1, 1, 191385, 0, 54),
(70, 1, 1, 385270, 0, 1),
(71, 1, 1, 285000, 0, 26),
(72, 1, 1, 22425, 0, 7),
(73, 1, 1, 54990, 0, 14),
(74, 1, 1, 74990, 0, 49),
(75, 1, 1, 17425, 0, 43),
(76, 1, 1, 209900, 0, 47),
(77, 1, 1, 285000, 0, 26),
(78, 1, 1, 769955, 0, 35),
(79, 1, 1, 547425, 0, 2),
(80, 1, 1, 499900, 0, 48),
(81, 1, 1, 172900, 0, 10),
(82, 1, 1, 449990, 0, 28),
(83, 1, 1, 499890, 0, 5),
(84, 1, 1, 139900, 0, 11),
(85, 1, 1, 379800, 0, 18),
(86, 1, 1, 141200, 0, 9),
(87, 1, 1, 285000, 0, 26),
(88, 1, 1, 141200, 0, 9),
(89, 1, 1, 24425, 0, 42),
(90, 1, 1, 10000, 0, 25),
(91, 1, 1, 172900, 0, 10),
(92, 1, 1, 547425, 0, 2),
(93, 1, 1, 54990, 0, 14),
(94, 1, 1, 319900, 0, 21),
(95, 1, 1, 221385, 0, 19),
(96, 1, 3, 44900, 6735, 24),
(97, 1, 1, 379800, 0, 18),
(98, 1, 1, 385270, 0, 1),
(99, 1, 1, 547425, 0, 2),
(100, 1, 2, 24425, 0, 42),
(101, 1, 1, 699330, 0, 4),
(102, 1, 1, 112600, 0, 45),
(103, 1, 1, 24425, 0, 42),
(104, 1, 1, 191385, 0, 54),
(105, 1, 1, 285000, 0, 26),
(106, 1, 3, 172900, 0, 10),
(107, 1, 1, 299890, 0, 41),
(108, 1, 1, 17425, 0, 43),
(109, 1, 1, 17425, 0, 43),
(110, 1, 1, 899900, 0, 50),
(111, 1, 1, 44900, 0, 24),
(112, 1, 1, 74990, 0, 49),
(113, 1, 2, 1219945, 0, 34),
(114, 1, 1, 769955, 0, 35),
(115, 1, 1, 191385, 0, 54),
(116, 1, 1, 172900, 0, 10),
(117, 1, 4, 139900, 0, 11),
(118, 1, 1, 999990, 0, 36),
(119, 1, 1, 441375, 0, 20),
(120, 1, 1, 319900, 0, 21),
(121, 1, 1, 469900, 0, 8),
(122, 1, 1, 999990, 0, 36),
(123, 1, 1, 469900, 0, 8),
(124, 1, 3, 112600, 0, 45),
(125, 1, 1, 1207425, 120742, 38),
(126, 1, 1, 685270, 0, 37),
(127, 1, 1, 685270, 0, 37),
(128, 1, 1, 40125, 0, 17),
(129, 1, 1, 482900, 0, 27),
(130, 1, 1, 109900, 0, 12),
(131, 1, 1, 109900, 0, 12),
(132, 1, 1, 50125, 0, 52),
(133, 1, 1, 499890, 0, 5),
(134, 1, 1, 299900, 0, 13),
(135, 1, 2, 547425, 0, 2),
(136, 1, 1, 799900, 0, 15),
(137, 1, 1, 299890, 0, 41),
(138, 1, 1, 179980, 0, 46),
(139, 1, 1, 579800, 0, 53),
(140, 1, 1, 179980, 0, 46),
(141, 1, 1, 547425, 0, 2),
(142, 1, 1, 482900, 48290, 27),
(143, 1, 1, 371375, 0, 55),
(144, 1, 1, 139900, 0, 11),
(145, 1, 1, 139900, 0, 11),
(146, 1, 1, 685270, 0, 37),
(147, 1, 1, 249900, 0, 44),
(148, 1, 1, 762850, 0, 31),
(149, 1, 1, 769955, 0, 35),
(150, 1, 1, 299890, 0, 41),
(151, 1, 1, 299890, 0, 41),
(151, 2, 1, 112600, 0, 45),
(151, 3, 1, 179980, 0, 46),
(152, 1, 1, 249900, 0, 44),
(153, 1, 1, 10000, 0, 25),
(154, 1, 1, 1207425, 0, 38),
(155, 1, 1, 299900, 0, 13),
(156, 1, 1, 149925, 0, 32),
(157, 1, 1, 172900, 0, 10),
(158, 1, 1, 50125, 0, 52),
(159, 1, 1, 50125, 0, 52),
(160, 1, 1, 22425, 0, 7),
(161, 1, 1, 131190, 0, 51),
(162, 1, 1, 469900, 14097, 8),
(163, 1, 1, 379800, 0, 18),
(164, 1, 1, 1219945, 0, 34),
(165, 1, 1, 699330, 0, 4),
(166, 1, 1, 22425, 0, 7),
(167, 1, 1, 249900, 0, 44),
(168, 1, 1, 449990, 0, 28),
(169, 1, 1, 101175, 0, 16),
(170, 1, 1, 579800, 0, 53),
(171, 1, 1, 131190, 0, 51),
(172, 1, 1, 385270, 0, 1),
(173, 1, 1, 499900, 0, 48),
(174, 1, 1, 112600, 0, 45),
(175, 1, 1, 350781, 0, 39),
(176, 1, 1, 172900, 17290, 10),
(177, 1, 2, 399330, 0, 40),
(178, 1, 1, 101175, 0, 16),
(179, 1, 1, 44900, 0, 24),
(180, 1, 2, 191385, 0, 54),
(181, 1, 1, 371375, 0, 55),
(182, 1, 1, 385270, 0, 1),
(183, 1, 1, 319900, 0, 21),
(184, 1, 1, 24425, 0, 42),
(185, 1, 1, 50125, 0, 52),
(186, 1, 1, 17425, 0, 43),
(187, 1, 1, 10000, 0, 25),
(188, 1, 1, 399330, 0, 40),
(189, 1, 1, 109900, 0, 12),
(190, 1, 2, 441375, 0, 20),
(191, 1, 1, 112600, 0, 45),
(192, 1, 1, 249900, 0, 44),
(193, 1, 1, 249900, 0, 44),
(194, 1, 1, 469900, 0, 8),
(195, 1, 1, 799900, 0, 15),
(196, 1, 1, 179980, 0, 46),
(197, 1, 1, 249900, 0, 44),
(198, 1, 1, 299890, 0, 41),
(199, 1, 4, 441375, 0, 20),
(200, 1, 1, 379800, 0, 18),
(201, 1, 1, 685270, 0, 37),
(202, 1, 1, 319900, 0, 21),
(203, 1, 7, 40125, 28087, 17),
(204, 1, 1, 379800, 0, 18),
(205, 1, 1, 762850, 0, 31),
(206, 1, 1, 385270, 0, 1),
(207, 1, 1, 109900, 0, 12),
(207, 2, 1, 299900, 0, 13),
(208, 1, 1, 172900, 0, 10),
(209, 1, 1, 499890, 0, 5),
(210, 1, 1, 777220, 0, 3),
(211, 1, 1, 22425, 0, 7),
(212, 1, 1, 22425, 0, 7),
(213, 1, 2, 441375, 0, 20),
(214, 1, 1, 240005, 0, 30),
(215, 1, 1, 149925, 0, 32),
(216, 1, 1, 399330, 0, 40),
(217, 1, 1, 799900, 0, 15),
(218, 1, 1, 209900, 0, 47),
(219, 1, 1, 22425, 0, 7),
(220, 1, 1, 1219945, 0, 34),
(221, 1, 1, 999990, 0, 36),
(222, 1, 1, 499890, 0, 5),
(223, 1, 1, 449990, 0, 28),
(224, 1, 1, 141200, 0, 9),
(225, 1, 3, 762850, 0, 31),
(226, 1, 1, 1219945, 0, 34),
(227, 1, 1, 762850, 0, 31),
(228, 1, 1, 399330, 0, 40),
(229, 1, 1, 22425, 0, 7),
(230, 1, 1, 499890, 0, 5),
(231, 1, 2, 285000, 0, 26),
(232, 1, 1, 101175, 0, 16),
(233, 1, 1, 10000, 0, 25),
(234, 1, 1, 44900, 0, 24),
(235, 1, 1, 40125, 0, 17),
(236, 1, 1, 101175, 0, 16),
(237, 1, 1, 399330, 0, 40),
(238, 1, 1, 299900, 0, 33),
(239, 1, 1, 101175, 0, 16),
(240, 1, 2, 762850, 0, 31),
(241, 1, 1, 777220, 0, 3),
(242, 1, 1, 777220, 0, 3),
(243, 1, 1, 74990, 0, 49),
(244, 1, 1, 109900, 0, 12),
(245, 1, 1, 221385, 0, 19),
(246, 1, 3, 191385, 0, 54),
(247, 1, 1, 799900, 0, 15),
(247, 2, 1, 1207425, 0, 38),
(248, 1, 1, 699330, 0, 4),
(249, 1, 1, 109900, 0, 12),
(250, 1, 5, 379800, 189900, 18);
